Metric,Default Scheduler,Power-Aware (TOPSIS),Improvement (%)
LBF CPU,1.0489831012572033,0.7435965693910717,29.11262645700648
LBF Mem,0.7236121660002477,0.5455473826532334,24.607765280020637
LBF Pod,0.7290404652692469,0.5481788029466298,24.808178823904083
Active Nodes,30,30,0.0
Total Power,5912.178749333838,5390.138470124213,8.829913663697099
Avg RF,0.0,0.0,0
