Metric,Normal Small,Power Small,Normal Big,Power Big
LBF CPU,0.10422133223811374,0.19807968802387654,0.26255865458889244,0.3961052009804
LBF Mem,0.4417021388966895,0.4381160474489603,0.3499586747304308,0.4088384285671258
LBF Pod,0.6198386886924694,0.5824087911424415,0.7290404652692469,0.5481788029466298
Active Nodes,9,9,30,30
Total Power,1457.3145620470493,1456.8582992538645,5912.178749333838,5390.138470124213
Avg RF,0.0,0.0,0.0,0.0
