Metric,Experiment 1 - Default,Experiment 1 - Power-Aware,Experiment 2 - Default,Experiment 2 - Power-Aware,Experiment 3 - Default,Experiment 3 - Power-Aware
LBF (CPU),0.39304993141781475,0.4875261661101808,0.7466560189573554,0.7878594944796576,0.2141410834803843,0.21996862211275378
LBF (Memory),0.11769294624528086,0.37942983544363135,0.7296080420397821,0.7347232785410841,0.13543583460678232,0.12969853729827707
LBF (Pod),0.8888194417315589,0.7694153624668538,1.0742439201596625,1.03440804327886,0.9390121633084655,0.9595647552495443
Average Power Consumption (W),3372.1306334022047,3272.4069210005728,6852.356169650021,2462.011348446398,8453.331506984052,8435.80148710905
Average Resource Fragmentation,0.0,0.0,0.0,0.0,0.0005116073014159605,0.005262878187433841
Unscheduled Pods Ratio,0.0,0.0,0.0,0.0,0.004,0.038
